Sample,PBL.Id,MMR.mut,Type,BRAFc.1799T.A
1003,D0247,MLH1,LS MSI-H,FALSE
1005,D0259,MSH6,LS MSI-H,FALSE
1036,D0044,MLH1,LS MSI-H,FALSE
1039,D0470,MSH2,LS MSI-H,FALSE
1047,D0396,MLH1,LS MSI-H,FALSE
1051,D0153,MSH2,LS MSI-H,FALSE
1065,D0500,MLH1,LS MSI-H,TRUE
1068,D0179,MSH2,LS MSI-H,FALSE
1070,D0088,EPCAM(MSH2),LS MSI-H,FALSE
1071,D0057,MSH2,LS MSI-H,FALSE
1072,D0048,MSH2,LS MSI-H,FALSE
1075,D0107,MSH2,LS MSI-H,FALSE
1076,D0429,PMS2,LS MSI-H,FALSE
1077,D0310,MSH2,LS MSI-H,FALSE
1080,D0767,MSH2,LS MSI-H,FALSE
1095,D0035,PMS2,LS MSI-H,FALSE
1096,D0649,MSH2,LS MSI-H,FALSE
1101,D0170,MLH1,LS MSI-H,FALSE
1139,D0420,MSH2,LS MSI-H,FALSE
1160,D0921,MSH2,LS MSI-H,FALSE
1246,D1216,MSH6,LS MSI-H,FALSE
1250,D1160,MLH1,LS MSI-H,FALSE
1254,D1153,MLH1,LS MSI-H,FALSE
1259,D0922,MSH2,LS MSI-H,FALSE
1262,D0233,MLH1,LS MSI-H,FALSE
1268,D0931,MSH2,LS MSI-H,FALSE
1274,D0211,MSH2,LS MSI-H,FALSE
1278,D0340,MLH1,LS MSI-H,FALSE
1285,D0501,MSH2,LS MSI-H,FALSE
1289,D0253,MLH1,LS MSI-H,FALSE
1291,D0590,MSH2,LS MSI-H,FALSE
1296,D0676,ConstitutionalEpimutation(MLH1),LS MSI-H,FALSE
1357,D1032,MLH1,LS MSI-H,FALSE
1359,D1430,MSH6,LS MSI-H,FALSE
1361,D1395,MLH1,LS MSI-H,FALSE
1385,D1093,MSH2,LS MSI-H,FALSE
1386,D1093,MSH2,LS MSI-H,NA
204448,NA,NA,MSI-H,NA
213520,NA,NA,MSI-H,FALSE
234543,NA,NA,MSI-H,TRUE
237780,NA,NA,MSI-H,FALSE
238659,NA,NA,MSI-H,TRUE
239970,NA,NA,MSI-H,TRUE
241981,NA,NA,MSI-H,TRUE
242117,NA,NA,MSI-H,TRUE
245836,NA,NA,MSI-H,TRUE
245838,NA,NA,MSI-H,TRUE
246847,NA,NA,MSI-H,TRUE
250505,NA,NA,MSI-H,FALSE
250512,NA,NA,MSI-H,FALSE
251058,NA,NA,MSI-H,TRUE
252782,NA,NA,MSI-H,TRUE
253977,NA,NA,MSI-H,FALSE
255078,NA,NA,MSI-H,TRUE
255809,NA,NA,MSI-H,FALSE
255810,NA,NA,MSI-H,FALSE
255811,NA,NA,MSI-H,FALSE
256267,NA,NA,MSI-H,FALSE
256271,NA,NA,MSI-H,FALSE
257349,NA,NA,MSI-H,FALSE
258136,NA,NA,MSI-H,TRUE
269965,NA,NA,MSI-H,TRUE
274563,NA,NA,MSI-H,TRUE
274565,NA,NA,MSI-H,TRUE
275294,NA,NA,MSI-H,TRUE
275407,NA,NA,MSI-H,TRUE
275802,NA,NA,MSI-H,TRUE
276118,NA,NA,MSI-H,TRUE
285161,NA,NA,MSI-H,TRUE
285259,NA,NA,MSI-H,TRUE
286125,NA,NA,MSI-H,TRUE
287921,NA,NA,MSI-H,TRUE
289280,NA,NA,MSI-H,TRUE
290560,NA,NA,MSI-H,TRUE
291693,NA,NA,MSI-H,TRUE
292684,NA,NA,MSI-H,TRUE
255310A1,NA,NA,MSI-H,TRUE
257369A2,NA,NA,MSI-H,TRUE
257605A3,NA,NA,MSI-H,TRUE
259406A7,NA,NA,MSI-H,TRUE
261568A8,NA,NA,MSI-H,TRUE
261890A9,NA,NA,MSI-H,TRUE
262323A10,NA,NA,MSI-H,TRUE
264850B1,NA,NA,MSI-H,TRUE
265906B3,NA,NA,MSI-H,TRUE
267255B4,NA,NA,MSI-H,TRUE
269964B6,NA,NA,MSI-H,TRUE
270476B8,NA,NA,MSI-H,TRUE
271060B10,NA,NA,MSI-H,TRUE
272564C1,NA,NA,MSI-H,TRUE
272568C2,NA,NA,MSI-H,TRUE
273381C4,NA,NA,MSI-H,TRUE
273863C5,NA,NA,MSI-H,TRUE
155063,NA,NA,MSS,FALSE
155088,NA,NA,MSS,FALSE
155501,NA,NA,MSS,FALSE
155502,NA,NA,MSS,FALSE
156188,NA,NA,MSS,TRUE
167234,NA,NA,MSS,NA
168888,NA,NA,MSS,FALSE
210173,NA,NA,MSS,TRUE
210177,NA,NA,MSS,FALSE
210178,NA,NA,MSS,FALSE
210179,NA,NA,MSS,FALSE
210777,NA,NA,MSS,FALSE
210778,NA,NA,MSS,FALSE
212963,NA,NA,MSS,FALSE
216379,NA,NA,MSS,FALSE
223129,NA,NA,MSS,FALSE
223962,NA,NA,MSS,FALSE
226491,NA,NA,MSS,FALSE
227175,NA,NA,MSS,FALSE
228082,NA,NA,MSS,FALSE
228418,NA,NA,MSS,FALSE
229073,NA,NA,MSS,FALSE
229291,NA,NA,MSS,FALSE
229619,NA,NA,MSS,FALSE
229995,NA,NA,MSS,FALSE
231954,NA,NA,MSS,FALSE
233715,NA,NA,MSS,TRUE
254340,NA,NA,MSS,FALSE
254574,NA,NA,MSS,NA
256265,NA,NA,MSS,FALSE
294762,NA,NA,MSS,FALSE
295249,NA,NA,MSS,FALSE
295469,NA,NA,MSS,FALSE
295759,NA,NA,MSS,FALSE
295761,NA,NA,MSS,FALSE
295764,NA,NA,MSS,FALSE
295766,NA,NA,MSS,FALSE
296020,NA,NA,MSS,FALSE
293662D9,NA,NA,MSS,FALSE
294766D7,NA,NA,MSS,FALSE
E1294670,NA,NA,MSS,FALSE
