Sample,Type,SampleDataSheets,AligmentFiles,SequencingID,ResampleDirIndx,Descriptor,UniqueRunSampleID,UniqueSampleID
D206487,MSI,MSI.test\2019\Paper.I\mixtures\data\Samples.20170511.csv,bwa.out/20170501,D206487_S2,1,D206487,D206487,D206487
D227036,MSI,MSI.test\2019\Paper.I\mixtures\data\Samples.20170511.csv,bwa.out/20170501,D227036_S74,1,D227036,D227036,D227036
D248097,MSS,MSI.test\2019\Paper.I\mixtures\data\Samples.20170511.csv,bwa.out/20170501,D248097_S37,1,D248097,D248097,D248097
D250194,MSS,MSI.test\2019\Paper.I\mixtures\data\Samples.20170511.csv,bwa.out/20170501,D250194_S7,1,D250194,D250194,D250194
D250997,MSI,MSI.test\2019\Paper.I\mixtures\data\Samples.20170511.csv,bwa.out/20170501,D250997_S84,1,D250997,D250997,D250997
D251725,MSS,MSI.test\2019\Paper.I\mixtures\data\Samples.20170511.csv,bwa.out/20170501,D251725_S9,1,D251725,D251725,D251725
E08,MSS,MSI.test\2019\Paper.I\mixtures\data\Samples.20170511.csv,bwa.out/20170501,E08_S83,1,E08,E08,E08
E43,MSI,MSI.test\2019\Paper.I\mixtures\data\Samples.20170511.csv,bwa.out/20170501,E43_S5,1,E43,E43,E43
E44,,,,E44_S94,1,E44,E44,E44
E49,MSI,MSI.test\2019\Paper.I\mixtures\data\Samples.20170511.csv,bwa.out/20170501,E49_S91,1,E49,E49,E49
E55,MSI,MSI.test\2019\Paper.I\mixtures\data\Samples.20170511.csv,bwa.out/20170501,E55_S98,1,E55,E55,E55
E57,MSI,MSI.test\2019\Paper.I\mixtures\data\Samples.20170511.csv,bwa.out/20170501,E57_S97,1,E57,E57,E57
E60,MSS,MSI.test\2019\Paper.I\mixtures\data\Samples.20170511.csv,bwa.out/20170501,E60_S63,1,E60,E60,E60
E65,MSI,MSI.test\2019\Paper.I\mixtures\data\Samples.20170511.csv,bwa.out/20170501,E65_S70,1,E65,E65,E65
E67,MSS,MSI.test\2019\Paper.I\mixtures\data\Samples.20170511.csv,bwa.out/20170501,E67_S80,1,E67,E67,E67
E74,MSS,MSI.test\2019\Paper.I\mixtures\data\Samples.20170511.csv,bwa.out/20170501,E74_S56,1,E74,E74,E74
E76,MSS,MSI.test\2019\Paper.I\mixtures\data\Samples.20170511.csv,bwa.out/20170501,E76_S20,1,E76,E76,E76
E81,MSS,MSI.test\2019\Paper.I\mixtures\data\Samples.20170511.csv,bwa.out/20170501,E81_S30,1,E81,E81,E81
E83,MSS,MSI.test\2019\Paper.I\mixtures\data\Samples.20170511.csv,bwa.out/20170501,E83_S32,1,E83,E83,E83
E85,MSS,MSI.test\2019\Paper.I\mixtures\data\Samples.20170511.csv,bwa.out/20170501,E85_S89,1,E85,E85,E85
E89,MSI,MSI.test\2019\Paper.I\mixtures\data\Samples.20170511.csv,bwa.out/20170501,E89_S73,1,E89,E89,E89
E90,MSI,MSI.test\2019\Paper.I\mixtures\data\Samples.20170511.csv,bwa.out/20170501,E90_S36,1,E90,E90,E90
E91,MSI,MSI.test\2019\Paper.I\mixtures\data\Samples.20170511.csv,bwa.out/20170501,E91_S93,1,E91,E91,E91
E93,MSS,MSI.test\2019\Paper.I\mixtures\data\Samples.20170511.csv,bwa.out/20170501,E93_S11,1,E93,E93,E93
E97,MSI,MSI.test\2019\Paper.I\mixtures\data\Samples.20170511.csv,bwa.out/20170501,E97_S39,1,E97,E97,E97
L0006,MSI,MSI.test\2019\Paper.I\mixtures\data\Samples.20170511.csv,bwa.out/20170501,L0006_S44,1,L0006,L0006,L0006
L0029,MSI,MSI.test\2019\Paper.I\mixtures\data\Samples.20170511.csv,bwa.out/20170501,L0029_S95,1,L0029,L0029,L0029
L0054,MSS,MSI.test\2019\Paper.I\mixtures\data\Samples.20170511.csv,bwa.out/20170501,L0054_S23,1,L0054,L0054,L0054
L0080,MSS,MSI.test\2019\Paper.I\mixtures\data\Samples.20170511.csv,bwa.out/20170501,L0080_S10,1,L0080,L0080,L0080
L0086,MSS,MSI.test\2019\Paper.I\mixtures\data\Samples.20170511.csv,bwa.out/20170501,L0086_S69,1,L0086,L0086,L0086
L0091,MSI,MSI.test\2019\Paper.I\mixtures\data\Samples.20170511.csv,bwa.out/20170501,L0091_S35,1,L0091,L0091,L0091
L0093,MSS,MSI.test\2019\Paper.I\mixtures\data\Samples.20170511.csv,bwa.out/20170501,L0093_S85,1,L0093,L0093,L0093
L0100,MSS,MSI.test\2019\Paper.I\mixtures\data\Samples.20170511.csv,bwa.out/20170501,L0100_S40,1,L0100,L0100,L0100
L0104,MSI,MSI.test\2019\Paper.I\mixtures\data\Samples.20170511.csv,bwa.out/20170501,L0104_S38,1,L0104,L0104,L0104
L0106,MSI,MSI.test\2019\Paper.I\mixtures\data\Samples.20170511.csv,bwa.out/20170501,L0106_S68,1,L0106,L0106,L0106
L0113,MSI,MSI.test\2019\Paper.I\mixtures\data\Samples.20170511.csv,bwa.out/20170501,L0113_S34,1,L0113,L0113,L0113
L0142,MSS,MSI.test\2019\Paper.I\mixtures\data\Samples.20170511.csv,bwa.out/20170501,L0142_S27,1,L0142,L0142,L0142
L0143,MSI,MSI.test\2019\Paper.I\mixtures\data\Samples.20170511.csv,bwa.out/20170501,L0143_S81,1,L0143,L0143,L0143
L0146,MSS,MSI.test\2019\Paper.I\mixtures\data\Samples.20170511.csv,bwa.out/20170501,L0146_S33,1,L0146,L0146,L0146
L0149,MSI,MSI.test\2019\Paper.I\mixtures\data\Samples.20170511.csv,bwa.out/20170501,L0149_S65,1,L0149,L0149,L0149
L0150,MSS,MSI.test\2019\Paper.I\mixtures\data\Samples.20170511.csv,bwa.out/20170501,L0150_S46,1,L0150,L0150,L0150
L0153,MSS,MSI.test\2019\Paper.I\mixtures\data\Samples.20170511.csv,bwa.out/20170501,L0153_S22,1,L0153,L0153,L0153
L0179,MSI,MSI.test\2019\Paper.I\mixtures\data\Samples.20170511.csv,bwa.out/20170501,L0179_S48,1,L0179,L0179,L0179
L0203,MSI,MSI.test\2019\Paper.I\mixtures\data\Samples.20170511.csv,bwa.out/20170501,L0203_S3,1,L0203,L0203,L0203
L0210,MSI,MSI.test\2019\Paper.I\mixtures\data\Samples.20170511.csv,bwa.out/20170501,L0210_S47,1,L0210,L0210,L0210
L0211,MSI,MSI.test\2019\Paper.I\mixtures\data\Samples.20170511.csv,bwa.out/20170501,L0211_S57,1,L0211,L0211,L0211
L0213,MSS,MSI.test\2019\Paper.I\mixtures\data\Samples.20170511.csv,bwa.out/20170501,L0213_S64,1,L0213,L0213,L0213
L0214,MSI,MSI.test\2019\Paper.I\mixtures\data\Samples.20170511.csv,bwa.out/20170501,L0214_S75,1,L0214,L0214,L0214
L0218,MSS,MSI.test\2019\Paper.I\mixtures\data\Samples.20170511.csv,bwa.out/20170501,L0218_S28,1,L0218,L0218,L0218
L0226,MSI,MSI.test\2019\Paper.I\mixtures\data\Samples.20170511.csv,bwa.out/20170501,L0226_S29,1,L0226,L0226,L0226
L0247,MSS,MSI.test\2019\Paper.I\mixtures\data\Samples.20170511.csv,bwa.out/20170501,L0247_S49,1,L0247,L0247,L0247
L0255,MSS,MSI.test\2019\Paper.I\mixtures\data\Samples.20170511.csv,bwa.out/20170501,L0255_S60,1,L0255,L0255,L0255
L0261,MSS,MSI.test\2019\Paper.I\mixtures\data\Samples.20170511.csv,bwa.out/20170501,L0261_S42,1,L0261,L0261,L0261
L0275,MSI,MSI.test\2019\Paper.I\mixtures\data\Samples.20170511.csv,bwa.out/20170501,L0275_S76,1,L0275,L0275,L0275
L0284,MSI,MSI.test\2019\Paper.I\mixtures\data\Samples.20170511.csv,bwa.out/20170501,L0284_S31,1,L0284,L0284,L0284
L0287,MSI,MSI.test\2019\Paper.I\mixtures\data\Samples.20170511.csv,bwa.out/20170501,L0287_S12,1,L0287,L0287,L0287
L0288,MSS,MSI.test\2019\Paper.I\mixtures\data\Samples.20170511.csv,bwa.out/20170501,L0288_S62,1,L0288,L0288,L0288
L0290,MSS,MSI.test\2019\Paper.I\mixtures\data\Samples.20170511.csv,bwa.out/20170501,L0290_S6,1,L0290,L0290,L0290
L0300,MSS,MSI.test\2019\Paper.I\mixtures\data\Samples.20170511.csv,bwa.out/20170501,L0300_S58,1,L0300,L0300,L0300
L0303,,,,L0303_S86,1,L0303,L0303,L0303
L0376,MSI,MSI.test\2019\Paper.I\mixtures\data\Samples.20170511.csv,bwa.out/20170501,L0376_S92,1,L0376,L0376,L0376
L0379,MSI,MSI.test\2019\Paper.I\mixtures\data\Samples.20170511.csv,bwa.out/20170501,L0379_S77,1,L0379,L0379,L0379
L0400,MSI,MSI.test\2019\Paper.I\mixtures\data\Samples.20170511.csv,bwa.out/20170501,L0400_S66,1,L0400,L0400,L0400
L0406,MSI,MSI.test\2019\Paper.I\mixtures\data\Samples.20170511.csv,bwa.out/20170501,L0406_S21,1,L0406,L0406,L0406
L0408,MSI,MSI.test\2019\Paper.I\mixtures\data\Samples.20170511.csv,bwa.out/20170501,L0408_S1,1,L0408,L0408,L0408
L0409,MSI,MSI.test\2019\Paper.I\mixtures\data\Samples.20170511.csv,bwa.out/20170501,L0409_S71,1,L0409,L0409,L0409
L0421,MSI,MSI.test\2019\Paper.I\mixtures\data\Samples.20170511.csv,bwa.out/20170501,L0421_S15,1,L0421,L0421,L0421
L0444,MSS,MSI.test\2019\Paper.I\mixtures\data\Samples.20170511.csv,bwa.out/20170501,L0444_S90,1,L0444,L0444,L0444
L0455,MSI,MSI.test\2019\Paper.I\mixtures\data\Samples.20170511.csv,bwa.out/20170501,L0455_S50,1,L0455,L0455,L0455
L0481,MSI,MSI.test\2019\Paper.I\mixtures\data\Samples.20170511.csv,bwa.out/20170501,L0481_S100,1,L0481,L0481,L0481
L0489,MSI,MSI.test\2019\Paper.I\mixtures\data\Samples.20170511.csv,bwa.out/20170501,L0489_S99,1,L0489,L0489,L0489
L0497,MSI,MSI.test\2019\Paper.I\mixtures\data\Samples.20170511.csv,bwa.out/20170501,L0497_S17,1,L0497,L0497,L0497
L0515,MSI,MSI.test\2019\Paper.I\mixtures\data\Samples.20170511.csv,bwa.out/20170501,L0515_S16,1,L0515,L0515,L0515
L0525,MSI,MSI.test\2019\Paper.I\mixtures\data\Samples.20170511.csv,bwa.out/20170501,L0525_S14,1,L0525,L0525,L0525
L0526,MSI,MSI.test\2019\Paper.I\mixtures\data\Samples.20170511.csv,bwa.out/20170501,L0526_S51,1,L0526,L0526,L0526
L0531,MSS,MSI.test\2019\Paper.I\mixtures\data\Samples.20170511.csv,bwa.out/20170501,L0531_S18,1,L0531,L0531,L0531
L0533,MSS,MSI.test\2019\Paper.I\mixtures\data\Samples.20170511.csv,bwa.out/20170501,L0533_S13,1,L0533,L0533,L0533
L0535,MSS,MSI.test\2019\Paper.I\mixtures\data\Samples.20170511.csv,bwa.out/20170501,L0535_S82,1,L0535,L0535,L0535
L0536,MSS,MSI.test\2019\Paper.I\mixtures\data\Samples.20170511.csv,bwa.out/20170501,L0536_S61,1,L0536,L0536,L0536
L0552,MSS,MSI.test\2019\Paper.I\mixtures\data\Samples.20170511.csv,bwa.out/20170501,L0552_S54,1,L0552,L0552,L0552
L0576,MSS,MSI.test\2019\Paper.I\mixtures\data\Samples.20170511.csv,bwa.out/20170501,L0576_S26,1,L0576,L0576,L0576
L0584,MSS,MSI.test\2019\Paper.I\mixtures\data\Samples.20170511.csv,bwa.out/20170501,L0584_S41,1,L0584,L0584,L0584
L0650,MSI,MSI.test\2019\Paper.I\mixtures\data\Samples.20170511.csv,bwa.out/20170501,L0650_S25,1,L0650,L0650,L0650
L0688,MSI,MSI.test\2019\Paper.I\mixtures\data\Samples.20170511.csv,bwa.out/20170501,L0688_S79,1,L0688,L0688,L0688
L0718,MSI,MSI.test\2019\Paper.I\mixtures\data\Samples.20170511.csv,bwa.out/20170501,L0718_S96,1,L0718,L0718,L0718
L0811,MSI,MSI.test\2019\Paper.I\mixtures\data\Samples.20170511.csv,bwa.out/20170501,L0811_S8,1,L0811,L0811,L0811
L0812,MSI,MSI.test\2019\Paper.I\mixtures\data\Samples.20170511.csv,bwa.out/20170501,L0812_S19,1,L0812,L0812,L0812
L0817,MSS,MSI.test\2019\Paper.I\mixtures\data\Samples.20170511.csv,bwa.out/20170501,L0817_S78,1,L0817,L0817,L0817
L0819,MSS,MSI.test\2019\Paper.I\mixtures\data\Samples.20170511.csv,bwa.out/20170501,L0819_S67,1,L0819,L0819,L0819
L0863,MSS,MSI.test\2019\Paper.I\mixtures\data\Samples.20170511.csv,bwa.out/20170501,L0863_S52,1,L0863,L0863,L0863
L0897,MSS,MSI.test\2019\Paper.I\mixtures\data\Samples.20170511.csv,bwa.out/20170501,L0897_S4,1,L0897,L0897,L0897
L0899,MSS,MSI.test\2019\Paper.I\mixtures\data\Samples.20170511.csv,bwa.out/20170501,L0899_S88,1,L0899,L0899,L0899
L0914,MSS,MSI.test\2019\Paper.I\mixtures\data\Samples.20170511.csv,bwa.out/20170501,L0914_S87,1,L0914,L0914,L0914
L0924,MSS,MSI.test\2019\Paper.I\mixtures\data\Samples.20170511.csv,bwa.out/20170501,L0924_S24,1,L0924,L0924,L0924
L0928,MSS,MSI.test\2019\Paper.I\mixtures\data\Samples.20170511.csv,bwa.out/20170501,L0928_S45,1,L0928,L0928,L0928
L0953,MSS,MSI.test\2019\Paper.I\mixtures\data\Samples.20170511.csv,bwa.out/20170501,L0953_S43,1,L0953,L0953,L0953
L0954,MSI,MSI.test\2019\Paper.I\mixtures\data\Samples.20170511.csv,bwa.out/20170501,L0954_S59,1,L0954,L0954,L0954
L0956,MSS,MSI.test\2019\Paper.I\mixtures\data\Samples.20170511.csv,bwa.out/20170501,L0956_S72,1,L0956,L0956,L0956
D206487,MSI,MSI.test\2019\Paper.I\mixtures\data\Samples.20170511.csv,bwa.out/20170426,D206487_S2,2,D206487,D206487,D206487
D227036,MSI,MSI.test\2019\Paper.I\mixtures\data\Samples.20170511.csv,bwa.out/20170426,D227036_S74,2,D227036,D227036,D227036
D248097,MSS,MSI.test\2019\Paper.I\mixtures\data\Samples.20170511.csv,bwa.out/20170426,D248097_S37,2,D248097,D248097,D248097
D250194,MSS,MSI.test\2019\Paper.I\mixtures\data\Samples.20170511.csv,bwa.out/20170426,D250194_S7,2,D250194,D250194,D250194
D250997,MSI,MSI.test\2019\Paper.I\mixtures\data\Samples.20170511.csv,bwa.out/20170426,D250997_S84,2,D250997,D250997,D250997
D251725,MSS,MSI.test\2019\Paper.I\mixtures\data\Samples.20170511.csv,bwa.out/20170426,D251725_S9,2,D251725,D251725,D251725
E08,MSS,MSI.test\2019\Paper.I\mixtures\data\Samples.20170511.csv,bwa.out/20170426,E08_S83,2,E08,E08,E08
E43,MSI,MSI.test\2019\Paper.I\mixtures\data\Samples.20170511.csv,bwa.out/20170426,E43_S5,2,E43,E43,E43
E44,,,,E44_S94,2,E44,E44,E44
E49,MSI,MSI.test\2019\Paper.I\mixtures\data\Samples.20170511.csv,bwa.out/20170426,E49_S91,2,E49,E49,E49
E55,MSI,MSI.test\2019\Paper.I\mixtures\data\Samples.20170511.csv,bwa.out/20170426,E55_S98,2,E55,E55,E55
E57,MSI,MSI.test\2019\Paper.I\mixtures\data\Samples.20170511.csv,bwa.out/20170426,E57_S97,2,E57,E57,E57
E60,MSS,MSI.test\2019\Paper.I\mixtures\data\Samples.20170511.csv,bwa.out/20170426,E60_S63,2,E60,E60,E60
E65,MSI,MSI.test\2019\Paper.I\mixtures\data\Samples.20170511.csv,bwa.out/20170426,E65_S70,2,E65,E65,E65
E67,MSS,MSI.test\2019\Paper.I\mixtures\data\Samples.20170511.csv,bwa.out/20170426,E67_S80,2,E67,E67,E67
E74,MSS,MSI.test\2019\Paper.I\mixtures\data\Samples.20170511.csv,bwa.out/20170426,E74_S56,2,E74,E74,E74
E76,MSS,MSI.test\2019\Paper.I\mixtures\data\Samples.20170511.csv,bwa.out/20170426,E76_S20,2,E76,E76,E76
E81,MSS,MSI.test\2019\Paper.I\mixtures\data\Samples.20170511.csv,bwa.out/20170426,E81_S30,2,E81,E81,E81
E83,MSS,MSI.test\2019\Paper.I\mixtures\data\Samples.20170511.csv,bwa.out/20170426,E83_S32,2,E83,E83,E83
E85,MSS,MSI.test\2019\Paper.I\mixtures\data\Samples.20170511.csv,bwa.out/20170426,E85_S89,2,E85,E85,E85
E89,MSI,MSI.test\2019\Paper.I\mixtures\data\Samples.20170511.csv,bwa.out/20170426,E89_S73,2,E89,E89,E89
E90,MSI,MSI.test\2019\Paper.I\mixtures\data\Samples.20170511.csv,bwa.out/20170426,E90_S36,2,E90,E90,E90
E91,MSI,MSI.test\2019\Paper.I\mixtures\data\Samples.20170511.csv,bwa.out/20170426,E91_S93,2,E91,E91,E91
E93,MSS,MSI.test\2019\Paper.I\mixtures\data\Samples.20170511.csv,bwa.out/20170426,E93_S11,2,E93,E93,E93
E97,MSI,MSI.test\2019\Paper.I\mixtures\data\Samples.20170511.csv,bwa.out/20170426,E97_S39,2,E97,E97,E97
L0006,MSI,MSI.test\2019\Paper.I\mixtures\data\Samples.20170511.csv,bwa.out/20170426,L0006_S44,2,L0006,L0006,L0006
L0029,MSI,MSI.test\2019\Paper.I\mixtures\data\Samples.20170511.csv,bwa.out/20170426,L0029_S95,2,L0029,L0029,L0029
L0054,MSS,MSI.test\2019\Paper.I\mixtures\data\Samples.20170511.csv,bwa.out/20170426,L0054_S23,2,L0054,L0054,L0054
L0080,MSS,MSI.test\2019\Paper.I\mixtures\data\Samples.20170511.csv,bwa.out/20170426,L0080_S10,2,L0080,L0080,L0080
L0086,MSS,MSI.test\2019\Paper.I\mixtures\data\Samples.20170511.csv,bwa.out/20170426,L0086_S69,2,L0086,L0086,L0086
L0091,MSI,MSI.test\2019\Paper.I\mixtures\data\Samples.20170511.csv,bwa.out/20170426,L0091_S35,2,L0091,L0091,L0091
L0093,MSS,MSI.test\2019\Paper.I\mixtures\data\Samples.20170511.csv,bwa.out/20170426,L0093_S85,2,L0093,L0093,L0093
L0100,MSS,MSI.test\2019\Paper.I\mixtures\data\Samples.20170511.csv,bwa.out/20170426,L0100_S40,2,L0100,L0100,L0100
L0104,MSI,MSI.test\2019\Paper.I\mixtures\data\Samples.20170511.csv,bwa.out/20170426,L0104_S38,2,L0104,L0104,L0104
L0106,MSI,MSI.test\2019\Paper.I\mixtures\data\Samples.20170511.csv,bwa.out/20170426,L0106_S68,2,L0106,L0106,L0106
L0113,MSI,MSI.test\2019\Paper.I\mixtures\data\Samples.20170511.csv,bwa.out/20170426,L0113_S34,2,L0113,L0113,L0113
L0142,MSS,MSI.test\2019\Paper.I\mixtures\data\Samples.20170511.csv,bwa.out/20170426,L0142_S27,2,L0142,L0142,L0142
L0143,MSI,MSI.test\2019\Paper.I\mixtures\data\Samples.20170511.csv,bwa.out/20170426,L0143_S81,2,L0143,L0143,L0143
L0146,MSS,MSI.test\2019\Paper.I\mixtures\data\Samples.20170511.csv,bwa.out/20170426,L0146_S33,2,L0146,L0146,L0146
L0149,MSI,MSI.test\2019\Paper.I\mixtures\data\Samples.20170511.csv,bwa.out/20170426,L0149_S65,2,L0149,L0149,L0149
L0150,MSS,MSI.test\2019\Paper.I\mixtures\data\Samples.20170511.csv,bwa.out/20170426,L0150_S46,2,L0150,L0150,L0150
L0153,MSS,MSI.test\2019\Paper.I\mixtures\data\Samples.20170511.csv,bwa.out/20170426,L0153_S22,2,L0153,L0153,L0153
L0179,MSI,MSI.test\2019\Paper.I\mixtures\data\Samples.20170511.csv,bwa.out/20170426,L0179_S48,2,L0179,L0179,L0179
L0203,MSI,MSI.test\2019\Paper.I\mixtures\data\Samples.20170511.csv,bwa.out/20170426,L0203_S3,2,L0203,L0203,L0203
L0210,MSI,MSI.test\2019\Paper.I\mixtures\data\Samples.20170511.csv,bwa.out/20170426,L0210_S47,2,L0210,L0210,L0210
L0211,MSI,MSI.test\2019\Paper.I\mixtures\data\Samples.20170511.csv,bwa.out/20170426,L0211_S57,2,L0211,L0211,L0211
L0213,MSS,MSI.test\2019\Paper.I\mixtures\data\Samples.20170511.csv,bwa.out/20170426,L0213_S64,2,L0213,L0213,L0213
L0214,MSI,MSI.test\2019\Paper.I\mixtures\data\Samples.20170511.csv,bwa.out/20170426,L0214_S75,2,L0214,L0214,L0214
L0218,MSS,MSI.test\2019\Paper.I\mixtures\data\Samples.20170511.csv,bwa.out/20170426,L0218_S28,2,L0218,L0218,L0218
L0226,MSI,MSI.test\2019\Paper.I\mixtures\data\Samples.20170511.csv,bwa.out/20170426,L0226_S29,2,L0226,L0226,L0226
L0247,MSS,MSI.test\2019\Paper.I\mixtures\data\Samples.20170511.csv,bwa.out/20170426,L0247_S49,2,L0247,L0247,L0247
L0255,MSS,MSI.test\2019\Paper.I\mixtures\data\Samples.20170511.csv,bwa.out/20170426,L0255_S60,2,L0255,L0255,L0255
L0261,MSS,MSI.test\2019\Paper.I\mixtures\data\Samples.20170511.csv,bwa.out/20170426,L0261_S42,2,L0261,L0261,L0261
L0275,MSI,MSI.test\2019\Paper.I\mixtures\data\Samples.20170511.csv,bwa.out/20170426,L0275_S76,2,L0275,L0275,L0275
L0284,MSI,MSI.test\2019\Paper.I\mixtures\data\Samples.20170511.csv,bwa.out/20170426,L0284_S31,2,L0284,L0284,L0284
L0287,MSI,MSI.test\2019\Paper.I\mixtures\data\Samples.20170511.csv,bwa.out/20170426,L0287_S12,2,L0287,L0287,L0287
L0288,MSS,MSI.test\2019\Paper.I\mixtures\data\Samples.20170511.csv,bwa.out/20170426,L0288_S62,2,L0288,L0288,L0288
L0290,MSS,MSI.test\2019\Paper.I\mixtures\data\Samples.20170511.csv,bwa.out/20170426,L0290_S6,2,L0290,L0290,L0290
L0300,MSS,MSI.test\2019\Paper.I\mixtures\data\Samples.20170511.csv,bwa.out/20170426,L0300_S58,2,L0300,L0300,L0300
L0303,,,,L0303_S86,2,L0303,L0303,L0303
L0376,MSI,MSI.test\2019\Paper.I\mixtures\data\Samples.20170511.csv,bwa.out/20170426,L0376_S92,2,L0376,L0376,L0376
L0379,MSI,MSI.test\2019\Paper.I\mixtures\data\Samples.20170511.csv,bwa.out/20170426,L0379_S77,2,L0379,L0379,L0379
L0400,MSI,MSI.test\2019\Paper.I\mixtures\data\Samples.20170511.csv,bwa.out/20170426,L0400_S66,2,L0400,L0400,L0400
L0406,MSI,MSI.test\2019\Paper.I\mixtures\data\Samples.20170511.csv,bwa.out/20170426,L0406_S21,2,L0406,L0406,L0406
L0408,MSI,MSI.test\2019\Paper.I\mixtures\data\Samples.20170511.csv,bwa.out/20170426,L0408_S1,2,L0408,L0408,L0408
L0409,MSI,MSI.test\2019\Paper.I\mixtures\data\Samples.20170511.csv,bwa.out/20170426,L0409_S71,2,L0409,L0409,L0409
L0421,MSI,MSI.test\2019\Paper.I\mixtures\data\Samples.20170511.csv,bwa.out/20170426,L0421_S15,2,L0421,L0421,L0421
L0444,MSS,MSI.test\2019\Paper.I\mixtures\data\Samples.20170511.csv,bwa.out/20170426,L0444_S90,2,L0444,L0444,L0444
L0455,MSI,MSI.test\2019\Paper.I\mixtures\data\Samples.20170511.csv,bwa.out/20170426,L0455_S50,2,L0455,L0455,L0455
L0481,MSI,MSI.test\2019\Paper.I\mixtures\data\Samples.20170511.csv,bwa.out/20170426,L0481_S100,2,L0481,L0481,L0481
L0489,MSI,MSI.test\2019\Paper.I\mixtures\data\Samples.20170511.csv,bwa.out/20170426,L0489_S99,2,L0489,L0489,L0489
L0497,MSI,MSI.test\2019\Paper.I\mixtures\data\Samples.20170511.csv,bwa.out/20170426,L0497_S17,2,L0497,L0497,L0497
L0515,MSI,MSI.test\2019\Paper.I\mixtures\data\Samples.20170511.csv,bwa.out/20170426,L0515_S16,2,L0515,L0515,L0515
L0525,MSI,MSI.test\2019\Paper.I\mixtures\data\Samples.20170511.csv,bwa.out/20170426,L0525_S14,2,L0525,L0525,L0525
L0526,MSI,MSI.test\2019\Paper.I\mixtures\data\Samples.20170511.csv,bwa.out/20170426,L0526_S51,2,L0526,L0526,L0526
L0531,MSS,MSI.test\2019\Paper.I\mixtures\data\Samples.20170511.csv,bwa.out/20170426,L0531_S18,2,L0531,L0531,L0531
L0533,MSS,MSI.test\2019\Paper.I\mixtures\data\Samples.20170511.csv,bwa.out/20170426,L0533_S13,2,L0533,L0533,L0533
L0535,MSS,MSI.test\2019\Paper.I\mixtures\data\Samples.20170511.csv,bwa.out/20170426,L0535_S82,2,L0535,L0535,L0535
L0536,MSS,MSI.test\2019\Paper.I\mixtures\data\Samples.20170511.csv,bwa.out/20170426,L0536_S61,2,L0536,L0536,L0536
L0552,MSS,MSI.test\2019\Paper.I\mixtures\data\Samples.20170511.csv,bwa.out/20170426,L0552_S54,2,L0552,L0552,L0552
L0576,MSS,MSI.test\2019\Paper.I\mixtures\data\Samples.20170511.csv,bwa.out/20170426,L0576_S26,2,L0576,L0576,L0576
L0584,MSS,MSI.test\2019\Paper.I\mixtures\data\Samples.20170511.csv,bwa.out/20170426,L0584_S41,2,L0584,L0584,L0584
L0650,MSI,MSI.test\2019\Paper.I\mixtures\data\Samples.20170511.csv,bwa.out/20170426,L0650_S25,2,L0650,L0650,L0650
L0688,MSI,MSI.test\2019\Paper.I\mixtures\data\Samples.20170511.csv,bwa.out/20170426,L0688_S79,2,L0688,L0688,L0688
L0718,MSI,MSI.test\2019\Paper.I\mixtures\data\Samples.20170511.csv,bwa.out/20170426,L0718_S96,2,L0718,L0718,L0718
L0811,MSI,MSI.test\2019\Paper.I\mixtures\data\Samples.20170511.csv,bwa.out/20170426,L0811_S8,2,L0811,L0811,L0811
L0812,MSI,MSI.test\2019\Paper.I\mixtures\data\Samples.20170511.csv,bwa.out/20170426,L0812_S19,2,L0812,L0812,L0812
L0817,MSS,MSI.test\2019\Paper.I\mixtures\data\Samples.20170511.csv,bwa.out/20170426,L0817_S78,2,L0817,L0817,L0817
L0819,MSS,MSI.test\2019\Paper.I\mixtures\data\Samples.20170511.csv,bwa.out/20170426,L0819_S67,2,L0819,L0819,L0819
L0863,MSS,MSI.test\2019\Paper.I\mixtures\data\Samples.20170511.csv,bwa.out/20170426,L0863_S52,2,L0863,L0863,L0863
L0897,MSS,MSI.test\2019\Paper.I\mixtures\data\Samples.20170511.csv,bwa.out/20170426,L0897_S4,2,L0897,L0897,L0897
L0899,MSS,MSI.test\2019\Paper.I\mixtures\data\Samples.20170511.csv,bwa.out/20170426,L0899_S88,2,L0899,L0899,L0899
L0914,MSS,MSI.test\2019\Paper.I\mixtures\data\Samples.20170511.csv,bwa.out/20170426,L0914_S87,2,L0914,L0914,L0914
L0924,MSS,MSI.test\2019\Paper.I\mixtures\data\Samples.20170511.csv,bwa.out/20170426,L0924_S24,2,L0924,L0924,L0924
L0928,MSS,MSI.test\2019\Paper.I\mixtures\data\Samples.20170511.csv,bwa.out/20170426,L0928_S45,2,L0928,L0928,L0928
L0953,MSS,MSI.test\2019\Paper.I\mixtures\data\Samples.20170511.csv,bwa.out/20170426,L0953_S43,2,L0953,L0953,L0953
L0954,MSI,MSI.test\2019\Paper.I\mixtures\data\Samples.20170511.csv,bwa.out/20170426,L0954_S59,2,L0954,L0954,L0954
L0956,MSS,MSI.test\2019\Paper.I\mixtures\data\Samples.20170511.csv,bwa.out/20170426,L0956_S72,2,L0956,L0956,L0956
155063,MSS,MSI.test\2019\Paper.I\mixtures\data\Samples.20170809.csv,bwa.out/20170809,155063_S27,3,155063,155063,155063
155087,MSS,MSI.test\2019\Paper.I\mixtures\data\Samples.20170809.csv,bwa.out/20170809,155087_S28,3,155087,155087,155087
155088,MSS,MSI.test\2019\Paper.I\mixtures\data\Samples.20170809.csv,bwa.out/20170809,155088_S29,3,155088,155088,155088
155089,MSS,MSI.test\2019\Paper.I\mixtures\data\Samples.20170809.csv,bwa.out/20170809,155089_S30,3,155089,155089,155089
155090,MSS,MSI.test\2019\Paper.I\mixtures\data\Samples.20170809.csv,bwa.out/20170809,155090_S31,3,155090,155090,155090
155501,MSS,MSI.test\2019\Paper.I\mixtures\data\Samples.20170809.csv,bwa.out/20170809,155501_S32,3,155501,155501,155501
155502,MSS,MSI.test\2019\Paper.I\mixtures\data\Samples.20170809.csv,bwa.out/20170809,155502_S50,3,155502,155502,155502
155694,MSS,MSI.test\2019\Paper.I\mixtures\data\Samples.20170809.csv,bwa.out/20170809,155694_S51,3,155694,155694,155694
155695,MSS,MSI.test\2019\Paper.I\mixtures\data\Samples.20170809.csv,bwa.out/20170809,155695_S52,3,155695,155695,155695
156188,MSS,MSI.test\2019\Paper.I\mixtures\data\Samples.20170809.csv,bwa.out/20170809,156188_S53,3,156188,156188,156188
167234,MSS,MSI.test\2019\Paper.I\mixtures\data\Samples.20170809.csv,bwa.out/20170809,167234_S54,3,167234,167234,167234
168888,MSS,MSI.test\2019\Paper.I\mixtures\data\Samples.20170809.csv,bwa.out/20170809,168888_S55,3,168888,168888,168888
204448,MSI,MSI.test\2019\Paper.I\mixtures\data\Samples.20170809.csv,bwa.out/20170809,204448_S43,3,204448,204448,204448
205882,MSI,MSI.test\2019\Paper.I\mixtures\data\Samples.20170809.csv,bwa.out/20170809,205882_S44,3,205882,205882,205882
207950,MSI,MSI.test\2019\Paper.I\mixtures\data\Samples.20170809.csv,bwa.out/20170809,207950_S45,3,207950,207950,207950
210173,MSS,MSI.test\2019\Paper.I\mixtures\data\Samples.20170809.csv,bwa.out/20170809,210173_S19,3,210173,210173,210173
210177,MSS,MSI.test\2019\Paper.I\mixtures\data\Samples.20170809.csv,bwa.out/20170809,210177_S20,3,210177,210177,210177
210178,MSS,MSI.test\2019\Paper.I\mixtures\data\Samples.20170809.csv,bwa.out/20170809,210178_S21,3,210178,210178,210178
210179,MSS,MSI.test\2019\Paper.I\mixtures\data\Samples.20170809.csv,bwa.out/20170809,210179_S22,3,210179,210179,210179
210180,MSI,MSI.test\2019\Paper.I\mixtures\data\Samples.20170809.csv,bwa.out/20170809,210180_S46,3,210180,210180,210180
210386,MSS,MSI.test\2019\Paper.I\mixtures\data\Samples.20170809.csv,bwa.out/20170809,210386_S23,3,210386,210386,210386
210777,MSS,MSI.test\2019\Paper.I\mixtures\data\Samples.20170809.csv,bwa.out/20170809,210777_S25,3,210777,210777,210777
210778,MSS,MSI.test\2019\Paper.I\mixtures\data\Samples.20170809.csv,bwa.out/20170809,210778_S26,3,210778,210778,210778
211727,MSS,MSI.test\2019\Paper.I\mixtures\data\Samples.20170809.csv,bwa.out/20170809,211727_S24,3,211727,211727,211727
212963,MSS,MSI.test\2019\Paper.I\mixtures\data\Samples.20170809.csv,bwa.out/20170809,212963_S97,3,212963,212963,212963
213233,MSI,MSI.test\2019\Paper.I\mixtures\data\Samples.20170809.csv,bwa.out/20170809,213233_S47,3,213233,213233,213233
213428,MSS,MSI.test\2019\Paper.I\mixtures\data\Samples.20170809.csv,bwa.out/20170809,213428_S96,3,213428,213428,213428
213520,MSI,MSI.test\2019\Paper.I\mixtures\data\Samples.20170809.csv,bwa.out/20170809,213520_S48,3,213520,213520,213520
215118,MSS,MSI.test\2019\Paper.I\mixtures\data\Samples.20170809.csv,bwa.out/20170809,215118_S95,3,215118,215118,215118
215770,MSS,MSI.test\2019\Paper.I\mixtures\data\Samples.20170809.csv,bwa.out/20170809,215770_S94,3,215770,215770,215770
216379,MSS,MSI.test\2019\Paper.I\mixtures\data\Samples.20170809.csv,bwa.out/20170809,216379_S93,3,216379,216379,216379
220045,MSS,MSI.test\2019\Paper.I\mixtures\data\Samples.20170809.csv,bwa.out/20170809,220045_S99,3,220045,220045,220045
220926,MSS,MSI.test\2019\Paper.I\mixtures\data\Samples.20170809.csv,bwa.out/20170809,220926_S98,3,220926,220926,220926
223129,MSS,MSI.test\2019\Paper.I\mixtures\data\Samples.20170809.csv,bwa.out/20170809,223129_S80,3,223129,223129,223129
223962,MSS,MSI.test\2019\Paper.I\mixtures\data\Samples.20170809.csv,bwa.out/20170809,223962_S88,3,223962,223962,223962
225162,MSS,MSI.test\2019\Paper.I\mixtures\data\Samples.20170809.csv,bwa.out/20170809,225162_S87,3,225162,225162,225162
225729,MSS,MSI.test\2019\Paper.I\mixtures\data\Samples.20170809.csv,bwa.out/20170809,225729_S86,3,225729,225729,225729
226491,MSS,MSI.test\2019\Paper.I\mixtures\data\Samples.20170809.csv,bwa.out/20170809,226491_S85,3,226491,226491,226491
226724,MSS,MSI.test\2019\Paper.I\mixtures\data\Samples.20170809.csv,bwa.out/20170809,226724_S62,3,226724,226724,226724
227175,MSS,MSI.test\2019\Paper.I\mixtures\data\Samples.20170809.csv,bwa.out/20170809,227175_S61,3,227175,227175,227175
228082,MSS,MSI.test\2019\Paper.I\mixtures\data\Samples.20170809.csv,bwa.out/20170809,228082_S84,3,228082,228082,228082
228417,MSS,MSI.test\2019\Paper.I\mixtures\data\Samples.20170809.csv,bwa.out/20170809,228417_S83,3,228417,228417,228417
228418,MSS,MSI.test\2019\Paper.I\mixtures\data\Samples.20170809.csv,bwa.out/20170809,228418_S60,3,228418,228418,228418
229072,MSS,MSI.test\2019\Paper.I\mixtures\data\Samples.20170809.csv,bwa.out/20170809,229072_S82,3,229072,229072,229072
229073,MSS,MSI.test\2019\Paper.I\mixtures\data\Samples.20170809.csv,bwa.out/20170809,229073_S59,3,229073,229073,229073
229291,MSS,MSI.test\2019\Paper.I\mixtures\data\Samples.20170809.csv,bwa.out/20170809,229291_S58,3,229291,229291,229291
229618,MSS,MSI.test\2019\Paper.I\mixtures\data\Samples.20170809.csv,bwa.out/20170809,229618_S81,3,229618,229618,229618
229619,MSS,MSI.test\2019\Paper.I\mixtures\data\Samples.20170809.csv,bwa.out/20170809,229619_S57,3,229619,229619,229619
229995,MSS,MSI.test\2019\Paper.I\mixtures\data\Samples.20170809.csv,bwa.out/20170809,229995_S56,3,229995,229995,229995
231954,MSS,MSI.test\2019\Paper.I\mixtures\data\Samples.20170809.csv,bwa.out/20170809,231954_S17,3,231954,231954,231954
233715,MSS,MSI.test\2019\Paper.I\mixtures\data\Samples.20170809.csv,bwa.out/20170809,233715_S18,3,233715,233715,233715
234543,MSI,MSI.test\2019\Paper.I\mixtures\data\Samples.20170809.csv,bwa.out/20170809,234543_S42,3,234543,234543,234543
237260,MSI,MSI.test\2019\Paper.I\mixtures\data\Samples.20170809.csv,bwa.out/20170809,237260_S7,3,237260,237260,237260
237780,MSI,MSI.test\2019\Paper.I\mixtures\data\Samples.20170809.csv,bwa.out/20170809,237780_S10,3,237780,237780,237780
238659,MSI,MSI.test\2019\Paper.I\mixtures\data\Samples.20170809.csv,bwa.out/20170809,238659_S9,3,238659,238659,238659
239222,MSI,MSI.test\2019\Paper.I\mixtures\data\Samples.20170809.csv,bwa.out/20170809,239222_S6,3,239222,239222,239222
239405,MSI,MSI.test\2019\Paper.I\mixtures\data\Samples.20170809.csv,bwa.out/20170809,239405_S8,3,239405,239405,239405
239970,MSI,MSI.test\2019\Paper.I\mixtures\data\Samples.20170809.csv,bwa.out/20170809,239970_S11,3,239970,239970,239970
241981,MSI,MSI.test\2019\Paper.I\mixtures\data\Samples.20170809.csv,bwa.out/20170809,241981_S12,3,241981,241981,241981
242117,MSI,MSI.test\2019\Paper.I\mixtures\data\Samples.20170809.csv,bwa.out/20170809,242117_S13,3,242117,242117,242117
244031,MSI,MSI.test\2019\Paper.I\mixtures\data\Samples.20170809.csv,bwa.out/20170809,244031_S14,3,244031,244031,244031
244881,MSI,MSI.test\2019\Paper.I\mixtures\data\Samples.20170809.csv,bwa.out/20170809,244881_S15,3,244881,244881,244881
245457,MSI,MSI.test\2019\Paper.I\mixtures\data\Samples.20170809.csv,bwa.out/20170809,245457_S64,3,245457,245457,245457
245836,MSI,MSI.test\2019\Paper.I\mixtures\data\Samples.20170809.csv,bwa.out/20170809,245836_S16,3,245836,245836,245836
245838,MSI,MSI.test\2019\Paper.I\mixtures\data\Samples.20170809.csv,bwa.out/20170809,245838_S33,3,245838,245838,245838
246656,MSI,MSI.test\2019\Paper.I\mixtures\data\Samples.20170809.csv,bwa.out/20170809,246656_S34,3,246656,246656,246656
246847,MSI,MSI.test\2019\Paper.I\mixtures\data\Samples.20170809.csv,bwa.out/20170809,246847_S35,3,246847,246847,246847
246849,MSI,MSI.test\2019\Paper.I\mixtures\data\Samples.20170809.csv,bwa.out/20170809,246849_S36,3,246849,246849,246849
247641,MSI,MSI.test\2019\Paper.I\mixtures\data\Samples.20170809.csv,bwa.out/20170809,247641_S37,3,247641,247641,247641
249555,MSI,MSI.test\2019\Paper.I\mixtures\data\Samples.20170809.csv,bwa.out/20170809,249555_S38,3,249555,249555,249555
249985,MSI,MSI.test\2019\Paper.I\mixtures\data\Samples.20170809.csv,bwa.out/20170809,249985_S39,3,249985,249985,249985
250505,MSI,MSI.test\2019\Paper.I\mixtures\data\Samples.20170809.csv,bwa.out/20170809,250505_S41,3,250505,250505,250505
250512,MSI,MSI.test\2019\Paper.I\mixtures\data\Samples.20170809.csv,bwa.out/20170809,250512_S1,3,250512,250512,250512
251058,MSI,MSI.test\2019\Paper.I\mixtures\data\Samples.20170809.csv,bwa.out/20170809,251058_S40,3,251058,251058,251058
252045,MSI,MSI.test\2019\Paper.I\mixtures\data\Samples.20170809.csv,bwa.out/20170809,252045_S63,3,252045,252045,252045
252048,MSI,MSI.test\2019\Paper.I\mixtures\data\Samples.20170809.csv,bwa.out/20170809,252048_S2,3,252048,252048,252048
252782,MSI,MSI.test\2019\Paper.I\mixtures\data\Samples.20170809.csv,bwa.out/20170809,252782_S3,3,252782,252782,252782
253580,MSI,MSI.test\2019\Paper.I\mixtures\data\Samples.20170809.csv,bwa.out/20170809,253580_S4,3,253580,253580,253580
253977,MSI,MSI.test\2019\Paper.I\mixtures\data\Samples.20170809.csv,bwa.out/20170809,253977_S5,3,253977,253977,253977
254175,MSI,MSI.test\2019\Paper.I\mixtures\data\Samples.20170809.csv,bwa.out/20170809,254175_S65,3,254175,254175,254175
254340,MSS,MSI.test\2019\Paper.I\mixtures\data\Samples.20170809.csv,bwa.out/20170809,254340_S89,3,254340,254340,254340
254574,MSS,MSI.test\2019\Paper.I\mixtures\data\Samples.20170809.csv,bwa.out/20170809,254574_S90,3,254574,254574,254574
255075,MSS,MSI.test\2019\Paper.I\mixtures\data\Samples.20170809.csv,bwa.out/20170809,255075_S91,3,255075,255075,255075
255078,MSI,MSI.test\2019\Paper.I\mixtures\data\Samples.20170809.csv,bwa.out/20170809,255078_S49,3,255078,255078,255078
255809,MSI,MSI.test\2019\Paper.I\mixtures\data\Samples.20170809.csv,bwa.out/20170809,255809_S66,3,255809,255809,255809
255810,MSI,MSI.test\2019\Paper.I\mixtures\data\Samples.20170809.csv,bwa.out/20170809,255810_S67,3,255810,255810,255810
255811,MSI,MSI.test\2019\Paper.I\mixtures\data\Samples.20170809.csv,bwa.out/20170809,255811_S68,3,255811,255811,255811
256265,MSS,MSI.test\2019\Paper.I\mixtures\data\Samples.20170809.csv,bwa.out/20170809,256265_S92,3,256265,256265,256265
256267,MSI,MSI.test\2019\Paper.I\mixtures\data\Samples.20170809.csv,bwa.out/20170809,256267_S69,3,256267,256267,256267
256271,MSI,MSI.test\2019\Paper.I\mixtures\data\Samples.20170809.csv,bwa.out/20170809,256271_S70,3,256271,256271,256271
257349,MSI,MSI.test\2019\Paper.I\mixtures\data\Samples.20170809.csv,bwa.out/20170809,257349_S71,3,257349,257349,257349
D222913,MSI,MSI.test\2019\Paper.I\mixtures\data\Samples.20170809.csv,bwa.out/20170809,D222913_S76,3,D222913,D222913,D222913
D223305,MSI,MSI.test\2019\Paper.I\mixtures\data\Samples.20170809.csv,bwa.out/20170809,D223305_S75,3,D223305,D223305,D223305
D227036,MSI,MSI.test\2019\Paper.I\mixtures\data\Samples.20170809.csv,bwa.out/20170809,D227036_S72,3,D227036,D227036,D227036
D229104,MSI,MSI.test\2019\Paper.I\mixtures\data\Samples.20170809.csv,bwa.out/20170809,D229104_S79,3,D229104,D229104,D229104
D229113,MSI,MSI.test\2019\Paper.I\mixtures\data\Samples.20170809.csv,bwa.out/20170809,D229113_S74,3,D229113,D229113,D229113
D234036,MSI,MSI.test\2019\Paper.I\mixtures\data\Samples.20170809.csv,bwa.out/20170809,D234036_S77,3,D234036,D234036,D234036
D238498,MSI,MSI.test\2019\Paper.I\mixtures\data\Samples.20170809.csv,bwa.out/20170809,D238498_S78,3,D238498,D238498,D238498
D238861,MSI,MSI.test\2019\Paper.I\mixtures\data\Samples.20170809.csv,bwa.out/20170809,D238861_S73,3,D238861,D238861,D238861
D241285,MSS,MSI.test\2019\Paper.I\mixtures\data\Samples.20181220.csv,bwa.out/20181220 ,D241285_S1,4,D241285,D241285,D241285
D241286,MSI,MSI.test\2019\Paper.I\mixtures\data\Samples.20181220.csv,bwa.out/20181220 ,D241286_S2,4,D241286,D241286,D241286
D241287,MSS,MSI.test\2019\Paper.I\mixtures\data\Samples.20181220.csv,bwa.out/20181220 ,D241287_S3,4,D241287,D241287,D241287
D241288,MSI,MSI.test\2019\Paper.I\mixtures\data\Samples.20181220.csv,bwa.out/20181220 ,D241288_S4,4,D241288,D241288,D241288
D251770,MSI,MSI.test\2019\Paper.I\mixtures\data\Samples.20181220.csv,bwa.out/20181220 ,D251770_S5,4,D251770,D251770,D251770
D252021,MSI,MSI.test\2019\Paper.I\mixtures\data\Samples.20181220.csv,bwa.out/20181220 ,D252021_S6,4,D252021,D252021,D252021
D253861,MSI,MSI.test\2019\Paper.I\mixtures\data\Samples.20181220.csv,bwa.out/20181220 ,D253861_S7,4,D253861,D253861,D253861
D255198,MSS,MSI.test\2019\Paper.I\mixtures\data\Samples.20181220.csv,bwa.out/20181220 ,D255198_S8,4,D255198,D255198,D255198
D256053,MSI,MSI.test\2019\Paper.I\mixtures\data\Samples.20181220.csv,bwa.out/20181220 ,D256053_S9,4,D256053,D256053,D256053
D257028,MSS,MSI.test\2019\Paper.I\mixtures\data\Samples.20181220.csv,bwa.out/20181220 ,D257028_S10,4,D257028,D257028,D257028
D259815,MSI,MSI.test\2019\Paper.I\mixtures\data\Samples.20181220.csv,bwa.out/20181220 ,D259815_S11,4,D259815,D259815,D259815
D260967,MSI,MSI.test\2019\Paper.I\mixtures\data\Samples.20181220.csv,bwa.out/20181220 ,D260967_S12,4,D260967,D260967,D260967
D260968,MSI,MSI.test\2019\Paper.I\mixtures\data\Samples.20181220.csv,bwa.out/20181220 ,D260968_S13,4,D260968,D260968,D260968
D261100,MSI,MSI.test\2019\Paper.I\mixtures\data\Samples.20181220.csv,bwa.out/20181220 ,D261100_S14,4,D261100,D261100,D261100
D261101,MSS,MSI.test\2019\Paper.I\mixtures\data\Samples.20181220.csv,bwa.out/20181220 ,D261101_S15,4,D261101,D261101,D261101
D261104,MSI,MSI.test\2019\Paper.I\mixtures\data\Samples.20181220.csv,bwa.out/20181220 ,D261104_S16,4,D261104,D261104,D261104
D261105,MSS,MSI.test\2019\Paper.I\mixtures\data\Samples.20181220.csv,bwa.out/20181220 ,D261105_S17,4,D261105,D261105,D261105
D261830,MSI,MSI.test\2019\Paper.I\mixtures\data\Samples.20181220.csv,bwa.out/20181220 ,D261830_S18,4,D261830,D261830,D261830
D265163,MSI,MSI.test\2019\Paper.I\mixtures\data\Samples.20181220.csv,bwa.out/20181220 ,D265163_S19,4,D265163,D265163,D265163
D266014,MSI,MSI.test\2019\Paper.I\mixtures\data\Samples.20181220.csv,bwa.out/20181220 ,D266014_S20,4,D266014,D266014,D266014
D268723,MSI,MSI.test\2019\Paper.I\mixtures\data\Samples.20181220.csv,bwa.out/20181220 ,D268723_S21,4,D268723,D268723,D268723
D268724,MSI,MSI.test\2019\Paper.I\mixtures\data\Samples.20181220.csv,bwa.out/20181220 ,D268724_S22,4,D268724,D268724,D268724
D268725,MSS,MSI.test\2019\Paper.I\mixtures\data\Samples.20181220.csv,bwa.out/20181220 ,D268725_S23,4,D268725,D268725,D268725
D283832,,,,D283832_S24,4,D283832,D283832,D283832
